<?xml version="1.0" encoding="utf-8" standalone="yes"?>
<SexyContent FileVersion="07.00.00" MinimumRequiredVersion="07.00.00" ModuleVersion="09.32.01" ExportDate="2018-10-04T15:11:50.8278175+02:00">
  <Header>
    <App Guid="d74b5432-451e-4e7a-9640-6f0e1df23008" />
    <Language Default="nl-NL" />
    <Dimensions />
  </Header>
  <AttributeSets>
    <AttributeSet StaticName="App-Resources" Name="App-Resources" Description="Stores resources like translations for an app" Scope="2SexyContent-App" AlwaysShareConfiguration="false">
      <Attributes />
    </AttributeSet>
    <AttributeSet StaticName="App-Settings" Name="App-Settings" Description="Stores settings for an app" Scope="2SexyContent-App" AlwaysShareConfiguration="false">
      <Attributes />
    </AttributeSet>
    <AttributeSet StaticName="985a29f9-a812-4f3a-be31-e56268c53691" Name="Christmastree" Description="Christmastree" Scope="2SexyContent" AlwaysShareConfiguration="false">
      <Attributes>
        <Attribute StaticName="lights" Type="String" IsTitle="true">
          <Entity AssignmentObjectType="EAV Field Properties" AttributeSetStaticName="@All" AttributeSetName="@All" EntityGUID="4cfd043b-87f8-4a00-ad69-5237860e10b8" KeyNumber="656">
            <Value Key="InputType" Value="string-default" Type="String" />
            <Value Key="Name" Value="lights" Type="String" />
            <Value Key="VisibleInEditUI" Value="True" Type="Boolean" />
          </Entity>
        </Attribute>
      </Attributes>
    </AttributeSet>
  </AttributeSets>
  <Entities>
    <Entity AssignmentObjectType="App" AttributeSetStaticName="2SexyContent-App" AttributeSetName="2SexyContent-App" EntityGUID="f96fee72-383f-4df5-89b7-889dfc86a17f" KeyNumber="16">
      <Value Key="DisplayName" Value="Christmastree" Type="String" />
      <Value Key="Folder" Value="Christmastree" Type="String" />
      <Value Key="OriginalId" Value="" Type="String" />
      <Value Key="Version" Value="00.00.01" Type="String" />
    </Entity>
    <Entity AssignmentObjectType="App" AttributeSetStaticName="App-Settings" AttributeSetName="App-Settings" EntityGUID="9cffdcc8-731c-4478-95f9-b36078197b68" KeyNumber="16" />
    <Entity AssignmentObjectType="App" AttributeSetStaticName="App-Resources" AttributeSetName="App-Resources" EntityGUID="e1b753fe-4059-4045-b1e9-830268c4d8f9" KeyNumber="16" />
    <Entity AssignmentObjectType="Default" AttributeSetStaticName="2SexyContent-Template" AttributeSetName="2SexyContent-Template" EntityGUID="56578a12-0264-4e19-8a30-3f2a50faf4e5">
      <Value Key="ContentTypeStaticName" Value="" Type="String" />
      <Value Key="IsHidden" Value="False" Type="Boolean" />
      <Value Key="ListContentTypeStaticName" Value="" Type="String" />
      <Value Key="ListPresentationTypeStaticName" Value="" Type="String" />
      <Value Key="Location" Value="Portal File System" Type="String" />
      <Value Key="Name" Value="Christmastree" Type="String" />
      <Value Key="Path" Value="christmastree.html" Type="String" />
      <Value Key="PresentationTypeStaticName" Value="" Type="String" />
      <Value Key="PublishData" Value="False" Type="Boolean" />
      <Value Key="StreamsToPublish" Value="" Type="String" />
      <Value Key="Type" Value="Token" Type="String" />
      <Value Key="UseForList" Value="False" Type="Boolean" />
      <Value Key="ViewNameInUrl" Value="" Type="String" />
    </Entity>
  </Entities>
  <PortalFiles />
  <PortalFolders>
    <Folder Id="102" RelativePath="adam/Christmastree/" />
  </PortalFolders>
</SexyContent>